0,,,,,,,,,,,,,,,,,,,,,,,,,,,,,,,,,,,,,,,,,,,,,,,,,,,,,,,,,,,,,,,,,,,,,,,,,,,,,,,,,,,,,,,,,,,,,,,,,,,,,,,,,,,,,,,,,,,,,,,,,,,,,,,,,,,,,,,,,,,,,,,,,835,,,,,,,,,,,,,,,,,,,,,,,,,,,,,,,,,,,,,,,,,,
,0,,,,,,,1974,,,2758,2790,,,2796,,,,,,2654,,,,,2640,,,,,,,,,,,,2831,,,,,,,,,2786,,3110,,,2957,2840,,,,,,,,,,,,,,,,,2923,,,,,,,,2935,,,,,,,,,,,,2850,,,2775,,1576,,2867,,,,,,,,,2803,3004,,,,,2581,,,,,,,,,3040,,,,,,,,,,,,,,,,,,,1619,1831,,,2669,2796,,1183,,,,,,,,,,,,,,,,,,,1624,,,,,,,,,,1813,,,,,,,,,,,
,,0,,,,,,,,,,,,,,,,,,,,,,,,,,,,,,,,,,,,2519,,,,,,,,,,,,,,,,,,,,,,,,,,,,,,,,,,,,,,,,,,,,,,,,,,,,,,,,,,,,,,,1949,,,,,,2690,,,,,,,,,,,,,,,,,,,,,,,,,,,,,,,,,,,,,,,,,,,,,,,,,,,,,,,,,,,,,,,,,,,,,,,,,,,,,,,,
,,,0,,,,,766,,,1550,1768,,2356,1590,,1583,2093,,,1641,1735,,2181,,1518,,,,,,,,1829,,1575,,1691,,,,,,,,1907,1867,,2145,,,1819,1813,,,,,1689,1741,1967,,,,,,,,,2616,1752,571,,,,2446,,,1924,,,,,,,,,,,,1857,,,,,,,1863,,,,1117,,,,,1945,1860,,1898,2906,,1715,,,,,,,,,2094,,,709,,,,,,,,,,,,,,2753,,768,753,,,1815,1732,,,,2243,,,,,,,,3374,,,2720,,,1712,,,,,,2963,,2630,2331,,,,,,,2472,2192,2641,,,,,,
,,,,0,,534,,,,,572,,,,499,,,,,,,,,1096,,1094,,,,,,,,,,383,,1132,,,439,,,,,1212,1793,,,,,1224,,,,,,,833,,,,,,,,,483,,1039,,,,,,,,,,,,,,,,,,,,,,,,,1001,,,,,,,,,,,,1231,,,2108,,,,,,,,,,,,,,,,,,381,,,,,,,,,,,,,,,,,1394,,,,,,,,,,,,,,,,511,714,641,,,,,,,,,,,,,,,,,,1916,,,,,,
,,,,,0,,,,,,1179,1579,,2071,1206,,1393,1792,,,1466,1458,,,,1260,,,,,,,,1524,,1185,,1411,,,,,,,,,1739,,1976,,,1536,1619,,,,,1357,1387,,,,,2295,,,,,2378,1438,,,1694,,2074,2056,2616,1735,,,1929,,,,,,,,,1683,,,,,,,1681,,,,,1490,,1865,,1848,1571,,1553,2600,,1629,,,,,,,,,1939,,,,,,,,,,,,,,,,,2480,,838,,,,1728,1514,,,,1908,,,,,,,,3062,,,2449,,,,,,,,,2663,2357,2270,1974,,,,,,,2165,1887,2350,,,,,,
,,,,534,,0,,,,,,,,,,,,,,,,,,,,,,,,,,,,,,,,1016,,,,,,,,,,,,,,,,,,,,,,,,,,,,,,,,,,,,,,,,,,,,,,,,,,,,,,,,,,,,,,,,,,,,,1039,,,,,,,,,,,,,,,,,,,,,,,,,,,,,,,,,,,,,,1341,,,,,,,,,,,,,,639,,,,,,,,,,,,,,,,,,,,,,,,,,,,
,,,,,,,0,,,,1457,,,,,,,,,,,,,1261,1123,,,,,,,,,,268,1058,,2075,,,,,,,,,,,,,,,,,,,,,,,,,,,,,,,,,,,,,,,,,,,,,,,,,,,,,,,,,,,,,,,,,,,,,,,,,,,,,,,,,844,,,,,,,,,,,,,,,,404,,,,,,,,299,,2408,,,,1798,,,,,,,,,,,,,,,,,,,,,,1634,,,,,,,,,,,,,218,,,
,1974,,766,,,,,0,,,784,1274,,,831,,,,,,,1084,,,1522,907,,,,,,,,1133,,876,,1035,,,,,,,,,1485,,1677,,,,1308,,,848,1028,,,,,,2032,,,,,,,,276,,,,,,,,,,,,,,,,,,2174,1388,,,,,,241,1380,,,,,,,,831,,,,,2203,899,,,,,,,,,,1653,,,202,,,,,,,,,,,,,,,,883,539,,,,1186,,809,,1505,,,2195,2245,,,,,,,,626,,948,,,579,2258,,,,1869,,,866,,,,,,1493,,,,,,,
,,,,,,,,,0,,870,,,,695,,,,,,,,,,,1577,,,,,,,,,,465,,1509,,,,,,,,,,,,,,1539,,,,493,,,,,,,,,,,,1275,,,,,,,,,,,,,,,,,,,,,,,,,,,,,,,,,,,,,,,,,,2017,,,,,,,,525,,,,,,,,,,707,,,,,,,,,,,,,,,,,1838,,,,,,,,,,,,,,,,978,,725,,,,,,,,,,,,,,,,,,,,,,,,
,,,,,,,,,,0,,,,,,,,,,,,,,,,,,,,,,,,,,,,,,,,,,,,,,,,,,,,,,,,,,,,,,,,,,,,,,,,,,,,,,,,,,,,,,,,,,,,,,,,,,,929,,,,,,,,,,,,,,,,,,,,,,,,,,,,,,,,,,,,,,,,,,,,,,,,,,,,,,,,,,,,,,,,,,,,,,,,,,,,,,,,,,,,,,
,2758,,1550,572,1179,,1457,784,870,,0,,,1120,,,,823,761,,1111,,,634,756,707,,,,716,,,1072,608,1656,,1048,659,958,1015,,,,,,,1434,,,1224,,717,1127,,,,1805,,,,,,2816,,,,,,,509,1020,1752,,1402,896,,,,,819,,,,,,,1724,,2957,,2086,,,,1220,,1212,,1163,,,,,,,1607,709,,,1537,1559,1494,,,1290,,,,,,,,,887,879,,,,508,,2186,,,,1847,1590,,1526,,1472,1099,,1218,,977,924,1585,,796,,,,3026,,1829,,1967,,893,,,,,,1079,,1486,,,,1095,803,,,,971,,,1125,,1346,,,,,,
,2790,,1768,,1579,,,1274,,,,0,,,,,,,,,,,,1423,,,,1325,,,,,,,,,,,,,,,,,,,322,,,,,,,,1784,,,,,,,,2850,1352,,,,,,,1529,,,,1515,1454,1713,,,,,,,,,,,,2951,,,,,,,,,1634,2243,,,,,,,,,,,,,,,,,,,,,1134,,,,1475,,,,,,,,,,,,,,,,,,,,,,,,,,,,,2978,,,,,,,,,,,,,,,,,,,,,,,,,,,,,,,,,,
,,,,,,,,,,,,,0,,,,,,,,,,,,,,,,,,,,,,,,,899,,,,,,,,,1160,,,,,,,,,,,,,,,,,,,,,,,,,,,,,,,,,,,,,,,,,,,,,,,,,,,,,,,,,,,,,,,2120,,,,,,,,,,,,,,,,,,,,,,,,,,,,,,,,,,,945,,,,,,,,,,,,,,,,,,,,,,,,,,,,,,,,,,,,,,,,,,
,,,2356,,2071,,,,,,1120,,,0,,,,,,,,,,,1155,,,,,,,,1962,,2519,1570,,,,,,,,,,,,,,,,,,,,,,,,,,,,,,,,1607,,,,,,,,,,,,,,,,,,,,,,,,,,,,,,,2247,,,,,,,,,,,,,,,,,,,,,,,,,1861,,,,1344,,,,,,,,,,,,,,,,,725,,,,,,,,3698,,,,,,,,,,1142,,,,,,,,,,,,,,,,,,,,,,,,
,2796,,1590,499,1206,,,831,695,,,,,,0,949,,,584,,1288,,,,,884,,,,616,,,,,1480,,,834,,847,,,,,,,1611,,1636,,,,,,,,,,,,,,,,,,,,,,1035,1582,,,888,,,,,,,,,,,,,,2998,,,,,,1296,,1389,,1002,,,,,,,,873,,,,1663,,,,1172,,,,,,,,,897,723,,,,,,,,,,1679,,,,,,,,,,1155,749,1641,,888,,,,3073,,,,,,743,,,,,,1121,,,,,,1116,841,,,,,,,1236,,,,,,,,
,,,,,,,,,,,,,,,949,0,,,,,,,,,,,,,,,,,,,,1127,,736,,,,,,,,,,,1251,,,,,,,,,,,,,,,,,,,,,,,,,,,,,,,,,,,,,,,,,,,,,,,,,,,,,,,,,,,,,,759,968,,,,,,,,,,,,,,,,,,,,,,,,,,,,,,,,,788,,931,,,,,,,,,,,,,,,,,,,,,,,,,,,,,,,,,,,,,,,,
,,,1583,,1393,,,,,,,,,,,,0,,,,,,,,,,,,,,,,,,,,,,,,,,,,,,,,,,,,,,1606,,,,,,,,,,,,,1048,,,,,,,,,,,,,,,,,,,,,2784,,,,,,,,,1448,2111,,,,,,,,,,,,,,,,,,,,,,,,,1299,,,,,,,,,,,,,,,,,,,,,,,,,,,,,2815,,,,,,,,,,,,,,,,,,,,,,,,,,,,,,,,,,
,,,2093,,1792,,,,,,823,,,,,,,0,,,,,,,,,,,,,,,1717,,2289,,,,,,,,,,,,1001,,847,,,,,,2204,,,,,,,,3304,,,,,1318,,,,,,,,,,,,,,,,,,,2095,,3426,,,,,,1678,,737,,,,,,,,,,,,,814,1852,,,,,,,,,,,,,1570,,,500,,,,,,,,,1057,,,,,,,1756,,593,,,,,,,,3472,,1213,,1283,,,,,,859,,,,1094,,,,,,,,,,,,,,,,,,,,
,,,,,,,,,,,761,,,,584,,,,0,,,,,,,1468,,,,687,,,,,,355,,1405,,,,,,,,,2193,,,,,,,,,383,,1089,,,,,,,,742,,,,1225,,1015,,,,,,,,,,,,,,,,,,,,,,,,,,,620,,,1376,,,,,1417,,,,,,,,,,,,,,,,,,,,,594,,,,,,,,,,,,,,,,,1732,,,,1274,,,,,,,,,,,,865,585,622,,1471,,,,,,,,,,,,,,,,,,,,,,
,,,,,,,,,,,,,,,,,,,,0,,,,,,,,,,,,,,,,,,,,,,,,,,,,,,,,,,,,,,,,,,,,,,,,,,,,,,,,,,,,,,,,,,,,,,,,,,,,,,,,,,,,,,,,,,,,,,,,,,,,,,,,,,,,,,,,,,,,,,,,,,,,,1200,,,,,,,,,,,,,,,,,,,,,,,,,,,,,,,,,,,,,,,,,,
,2654,,1641,,1466,,,,,,1111,,,,1288,,,,,,0,,,,1642,,,,1005,,,,,,2767,,,,,,,,,,,,331,,,,768,,,,1650,,,,,,,,,1454,,,,1133,,,1427,,,,,,1818,,,,,,,,677,,,,2815,,,,,,,,,,2201,,,,,,,498,,,,,,,,,,,,,,,,,,1382,,1342,,,,,,,,,,,,,1738,,,,,,,,,,,,,,2842,,,,,,,,,,1267,,1334,,,,,,1600,1361,,,,,,,,,,,,,,1283,
,,,1735,,1458,,,1084,,,,,,,,,,,,,,0,,,,,,,,,,,,,,,,,,,,,,,,,784,,,,,,,,,1173,,,,,,,,,,,,,,,1359,,,,,,,,,,,,,,,,1717,,,,,,,,,,,,,,,,,,,,,,,,1473,,,,,,,,,,,,,1269,,,,,,,,,,,,,,,,,,,,,,,,,645,,,,,,,,,,,,,,816,,1327,,,774,,,,,,,,,,,,,,,,,,,
,,,,,,,,,,,,,,,,,,,,,,,0,,,,,,,,,,,,,,,,,,,,,,,,1169,,,,,,,,,,,,,,,,,,,,,,,,,,,,,,,,,,,,,,,,,,,,,,,,,,,,,,,,,,,,,,,,,,,,,,,,,,,,,,,,,,,,,,,,,,,,,,,,,,709,,,,,,,,,,,,,,,,,,,,,,,,,,,,,,,,,,,,,,,,,,
,,,2181,1096,,,1261,,,,634,1423,,,,,,,,,,,,0,,1113,,,,,,,,,,796,,958,,,,,,,,,1741,,1642,,,,,,,,,,,,,,,,,,,1329,,,,,,,,,,,,,,,,,,,,,,1517,,,1318,,1852,,,,,,,,,,,,,,,,,,,,,,,,,,,,,1501,,,,,,,,,,,,,,,,,,,,,1278,,,,536,,,,,,,,,,1203,,,,,,,,,,,,,,,,,,,,,,,,,,,,
,,,,,,,1123,1522,,,756,,,1155,,,,,,,1642,,,,0,1281,,,,,,,,,,818,,1130,,,,,,,,,1914,,,,,,,,,,,,,,,,,,,,,,,,,,,,,,,,,,,,,,,,,,,,,,,,1974,,1654,,,,,,,,,,,,,,,,,,,,,,,,,,,,,,,806,,,,,,,,,,,,,,,,,1451,,,,,,,,,,,,1579,,,,,,575,,,,,,,,,,,,,,,,1017,,,,,,,,2364
,2640,,1518,1094,1260,,,907,1577,,707,,,,884,,,,1468,,,,,1113,1281,0,,,688,1260,,,,,,1176,,,,,,,,,,,729,,,,,,,,1603,,1822,,,,,1038,,,,,,841,,,,,,,1268,,,,,,,,,,,,1485,,,,,,,,1091,,530,,,,,,,,1662,,,,,1411,1240,,,,,1664,,,,,,,,1102,1529,,,900,1214,,2157,1861,,,,,,1236,,,,,1908,850,,,1484,,,,,,2862,,,,,1660,1528,,,,866,,1127,,1677,,,,1337,1064,,,1168,900,,,,,1132,,,,,,
,,,,,,,,,,,,,,,,,,,,,,,,,,,0,,,,,,,,,,,,,,,,,,,,,,,,,,,,,,,,,,,,,,,,,,,,,,,,,,,,,,,,,,,,,,,,,,,,,,,,,,,,,,,,,,,,,,,,,,,,,,,,,,,,,,,,,,,,,,,,,,,,,,754,,,,,,,,,,,,,,,,,,,,,,,,,,,,,,,,,,,,,,,,,,
,,,,,,,,,,,,1325,,,,,,,,,,,,,,,,0,,,,,,,,,,,,,,,,,,,1606,,,,,,,,,,,,,,,,,,,,,,,,,,,,,,,,,,,,,,,,,,,,,,,,,,,,,,,,,,,,820,,,,,,,,,,,,,,,,,,,,,,,,,,,,,,,,,,,,,,1206,,,,,,,,,,,,,,,,,,,,,,,,,,,,,,,,,1472,,,,,,,,,
,,,,,,,,,,,,,,,,,,,,,1005,,,,,688,,,0,,,,,,,,,,,,,,,,,,,,1484,,,,,,,,,,,,,,,,,,,,,,,,,,,,,,,,,,,,,,,,,,,,991,,,,1189,,,,,,,,,,944,,,1955,,,,,,,,,,,,,,,,,,,,,,,,,,,,1856,,,,,,,,,,,,,,,,,,,,,,,,,,,,,,,,,,,,,,,,,,,,,,,,,
,,,,,,,,,,,716,,,,616,,,,687,,,,,,,1260,,,,0,,,,,,412,,1297,,,601,,,,,,,,,,,,,,,,,1062,,,,,,,,574,,608,,1198,,,,,1470,,2075,,,,,,,,,,,,,,,,,,1085,,,,,,565,,,,,,1392,,,,,,,,,,,516,,,,,628,,,,,505,,,,,,,,,,,,,,,,,,,,,,,,,,,,,,,334,,672,,756,,,,,,,,,,,,,,,,,,,,,,,,
,,,,,,,,,,,,,,,,,,,,,,,,,,,,,,,0,,,,,,,822,,,,,,,,,1298,,,,,944,1102,,,,,,,,,,,,,,,,,,,,,,,,,,,,,,,,,,,,,1187,,,,,,,,,,,,,,,,,,,,,930,1253,,,,,,,,,,,,,,,,,,,,,,,,,,,,,,,,,976,,,,,,,,,,,,,,,,,,,,,,,,,,,,,,,,,1467,,,,,,,,,
,,,,,,,,,,,,,,,,,,,,,,,,,,,,,,,,0,,,,,,,,,,,,,,,,,,,,,,,,,,,,,,,,,,,,,,,,,,,,,,,,,,,,,,,,,,,,,,,,,,,,,,,,,,,,,,,1079,,,,,,,,,,,,,,,,,,,,,,,,,,,,,,,,,,711,,,,,,,,,,,,,,,,,,,,,,,,,,,,,,,,,,,,,,,,,,
,,,,,,,,,,,1072,,,1962,,,,1717,,,,,,,,,,,,,,,0,,,663,,1706,,,,,,,,,,,2493,,,1731,2184,,,,,,,,,,,,,,,,,1519,,,,,,,,2267,,,,,,,,,,,,,,,,,,,2268,,,,,,,,,,1705,,,,,,,,,,,,,,2526,,,,,,,,,,,,,,,,,,,,,,,,2037,,,,,,,,,,,,,,,,,,,,,,,,,,,,,,,,,,,,,,,,,,
,,,1829,,1524,,,1133,,,608,,,,,,,,,,,,,,,,,,,,,,,0,,1091,,,,,,,,,,,957,,,,,,,,1951,,,,,,,,,,,,,,,,,,,,,,,,,,,,,,,,,,3175,,,,,,1419,,,,,,,,,,,,,,,,1617,,,,,,,,,,,,,1304,,,,,,,,,,,,1287,,,,,,,,,492,,,,471,,,,3224,,,,,,,,,,,,1397,,,,,,947,,,,,,,,643,,,,,,,,
,,,,,,,268,,,,1656,,,2519,1480,,,2289,,,2767,,,,,,,,,,,,,,0,1220,,2293,,,,,,,,,3087,,,,,2316,2770,,,,,,1797,,,,,,,,,,,2105,,,,,,1711,,2853,,,,,,,,,,,,,,,,,,,2855,,,,1841,,,,,,2289,,,2640,,,,,,,,,763,,,,,,,,,1483,,,,,,,,,,2823,,,,,564,,2623,,,,,,,,,,,,,,,,,,1508,,,,2126,,,,1901,1826,,,,,,3114,,,,,,,,,
,,,1575,383,1185,,1058,876,465,,,,,1570,,1127,,,355,,,,,796,818,1176,,,,412,,,663,1091,1220,0,,1148,491,,,,,,,,1905,,1949,,,1205,1609,,,,1769,852,713,,,,,1464,,,,,,995,1004,,,,1074,,,,,,,,,,,,1868,,,,,,,,1359,,1695,,680,,630,,,,,,1195,,,1913,1768,,,,1136,,,,1901,,1968,,,867,405,1223,,,,,2152,1897,,,,,,,,,1353,,880,,1459,446,,,1179,,,,,,,,,,432,,,,,,1132,,1703,,,,1330,1085,,,,,,,1537,,1765,,,,,,
,,,,,,,,,,,1048,,,,,,,,,,,,,,,,,,,,,,,,,,0,1701,,,,,,,,,2434,,,,,,,,,572,,,,,,,,,,,,,,1556,,,,,,,,,,,,,,,,,,,,,,,,,,,,,,,,,,,,,,,,,,,,,,,,,,,,,,,,,,825,,,,,,,,,,,,,,,,,2003,,,,,,,,,,,,,,,,1082,,,,,,,,,,,,,,,,,,,,,,,,,,
,2831,2519,1691,1132,1411,1016,2075,1035,1509,,659,,899,,834,736,,,1405,,,,,958,1130,,,,,1297,822,,1706,,2293,1148,1701,0,,,,,,,,,804,,802,,692,,,,1792,,1992,,,,745,1058,2891,,,,,960,,,1311,,,,1089,,,,,,,1609,,,,,,,3012,,,633,,,1271,,562,,,766,783,,,,1823,,,,,1221,1440,,,,1745,1817,,1022,2857,867,,,,1220,,,697,877,1161,940,2336,2039,689,1066,2448,1465,952,1070,,,1002,,1810,,,1583,1666,,,,,,3058,1444,,,,1838,1533,,631,,785,,1279,,1477,,,,1141,,,,1081,1065,1920,,793,,,,,,,,
,,,,,,,,,,,958,,,,,,,,,,,,,,,,,,,,,,,,,491,,,0,,,,,,,,,,,,,,,,,,,,,,,,,,,,,,,,,,,,,,,,,,,,,,,,,,,,,,,,,,,,,,,,,,,,,,,,,,,,,,,,,,,,,,,,,763,,,,,,,,,,,,,,,,,,,,,,,,,,,,,,,,,,,,,,,,,,,,,,,,,,,,,,,,,,,
,,,,,,,,,,,1015,,,,847,,,,,,,,,,,,,,,,,,,,,,,,,0,,,,,,,,,,,,1731,,,,539,,,,,,,,,,,,,,,,,,,,,,,,,,,,,,,,,,,,,,,1642,,,,,,1064,,,,,,,,,,,,,,,,,,,,,,,,,,,,,,,,,,,,,,,,,,,,,,,,,,,,,,,,,,,,1059,,940,,,,,,,,,,,,,,,,,,,,,,,,
,,,,439,,,,,,,,,,,,,,,,,,,,,,,,,,601,,,,,,,,,,,0,,,,,,,,,,,,,,,,,,,,,,,,,,,,,,,,,,,,,,,,,,,,,,,,,,,,,,,,,,,,,,,,,,,,,,,,,,,,,,,,,,,,,,,,,,,,,,,,,,,,,,,,,,,,,,,,,,,,,,842,,,,,,,,,,,,,,,,,,,,,,,,,,,,
,,,,,,,,,,,,,,,,,,,,,,,,,,,,,,,,,,,,,,,,,,0,,,,,300,,,,,,,,,,,,,,,,,,,,,,,,,,,,,,,,,,,,,,,,,,,,,,,,,,,,,,,,,,,,,,,,,,,,,,,,,,,,,,,,,,,,,,,,,,,,,,,,,408,,,,,,,,,2822,,,,,,,,,,,,,,,,,,,,,,,,,,,,,,,,,,
,,,,,,,,,,,,,,,,,,,,,,,,,,,,,,,,,,,,,,,,,,,0,,,,,,,,,,,,,,1700,,,,,,,,,,,,,,,,,,,,,,,,,,,,,,1496,,,,,,,,,,,,,,,,,,,,,,,,1294,,,,,,,,,,,,,,,,,,,,2064,,,,,,,,,,,,,,,,,,,,,,,,,,,,,,,,,,,,,,,,,,,,,,,,,,,,,,,,
,,,,,,,,,,,,,,,,,,,,,,,,,,,,,,,,,,,,,,,,,,,,0,,,,,,,,,475,,,,,,,,,,,,,,,,,,,,,,,,,588,,,,,,,,,,,,,,,,,,,,,,,,,,,,,,,,,,,,,,,,,,,,,,,,,,,,,,,,,,,,,,,,,,,402,,,,,,,,,,,,,,,,,,,,,,,,,,,,,,,,,,,,,,,,,,
,,,,,,,,,,,,,,,,,,,,,,,,,,,,,,,,,,,,,,,,,,,,,0,,,,,,,,,,,,,,,,,,,,,,,,,,,,,,,,,,,,,,,,,,,,,,,,,,,,,,,,,,,,,,,,,,,,,,,,,,,,,,,,,,,,,,,,,,,,,,,,,,,,280,,,,,,,,,,,,,,,,,,,,,,,,,,,,,,,,,,,,,,,,,,
,,,1907,1212,,,,,,,,,,,,,,,,,,,,,,,,,,,,,,,,,,,,,,,,,,0,,,,,,,,,2026,,,,,,,,,,,,,1131,,,,,,,869,,,,,,,,,,,,,,,,,,,,,,,,,,,,,,,,,,,,1686,,,,,,,,,,,,,1383,,,,,,,,,,,,,,,,,,,,,510,,,,,,,,,,,,,,,,,,,,,,,,,,,,,,,,,,,,,,,,,,
,2786,,1867,1793,1739,,,1485,,,1434,322,1160,,1611,,,1001,2193,,331,784,1169,1741,1914,729,,1606,,,1298,,,957,3087,1905,2434,804,,,,300,,,,,0,,337,,,818,336,,1829,,,,1306,,,,2845,1616,1225,,,1446,,1008,1719,,,,1821,1758,1967,308,1735,,,1868,,484,,,1642,,2931,227,,883,434,1969,1452,,265,1790,2532,,1393,,1466,348,,,,771,,,1366,,,,2531,,,,,,,893,,1686,2249,1546,1455,1629,,,2430,,,1474,,1943,,1236,1968,,1126,,,,471,,1780,,1328,1491,1395,,2945,,2004,,,,,,1357,,1581,829,1610,,2048,,,,1797,1590,,,1881,,,277,1242,,,,,,,,
,,,,,,,,,,,,,,,,,,,,,,,,,,,,,,,,,,,,,,,,,,,,,,,,0,,,,,,,,,1513,,,,,,,,,,,,,,,,,,,,,,,,,,,,,,,,,,,,,,,,,,,,,,,,,,,,,,1150,,,,,,,,,,,,,,,,,,,,,,,,,,,,,,,,,,,,,,,,,,,,,,,,,,,,,,,,,,,,,,,,,,,,,,,,,,,,
,3110,,2145,,1976,,,1677,,,,,,,1636,1251,,847,,,,,,1642,,,,,1484,,,,2493,,,1949,,802,,,,,,,,,337,,0,,,,,,2134,,,,,,,,3169,1392,,,,,,974,,,,,1671,,1723,,,,,,,,,,,,3259,,,,,,,,,,2609,,1520,,,,,,789,,,,,,,,,,,,,,,1072,,1878,,1366,,1677,,,,,,,,,,922,,,1393,,,,510,,,,,,,,3276,,,,,,,,,,,,,,,,,,,,,,,,,,1001,,970,,,,,,
,,,,,,,,,,,1224,,,,,,,,,,,,,,,,,,,,,,,,,,,,,,,,,,,,,,,0,,,,,,,,,,,,,,,,,,,,,,,,,,,,,,,,,,,,,,,,,,,,,,,,,,,,,,,,,,,,,,,,,,,,,,,,,,,,,,1050,,,,,,,,,,,,,,,,,2195,,,,,,,,,,,,,,,,,,,,,,,,,,,,,,,,,,,,,,,,,,
,,,,,,,,,,,,,,,,,,,,,768,,,,,,,,,,,,,,,,,692,,,,,,,,,,,,,0,,900,,,,,,,,,,,,,,,,,,,,,,,,,,,,,,,,,,,,,977,,,,,,,,,,,,,,,,,,,,,,,,,,,,,,,,,,,,,,,,,,,,,,,,,,,,,,,785,,,,,,,,,,,,,,,,,,,,,,,,,,,,,,,,,,,,,,,,,,
,2957,,1819,1224,1536,,,,1539,,717,,,,,,,,,,,,,,,,,,,,944,,1731,,2316,1205,,,,1731,,,,,,,818,,,,,0,,,1919,,2119,,,,,,,,,,,1080,,,1433,,,,1023,,,,,,,,,,,,1804,,3137,,,,,,1398,,560,1596,1879,,891,,,,,,,,,1094,1560,,,,,,,,,,,,,1339,,,,942,,,2464,,,1190,,,,,,,,,,,358,,1794,,,,,,3182,,,,,,1605,,715,,817,,,,,,,,1051,,,,,,,,,,,,,,,,
,2840,,1813,,1619,,,1308,,,1127,,,,,,,,,,,,,,,,,,,,1102,,2184,,2770,1609,,,,,,,,475,,,336,,,,900,,0,,1833,,,,,,,,2900,,,,,,,,1566,,,,1489,,,,1411,,,,,,796,,,,3001,,,740,,,,1502,,1675,2257,,,,,,,511,,,,,,,,,,,,,,,,,,1509,,,,1334,,,,,,,2924,1670,,,1638,,,,,,,,,,1002,,,,3029,,,,,,,,,,1262,,1485,,,,,,1478,1259,,,,,,,,,,,,,,,
,,,,,,,,,,,,,,,,,,,,,,,,,,,,,,,,,,,,,,,,,,,,,,,,,,,,,,0,,,,,,,,,,,,,,,,,,,,,,,,,,,,,,,,,,,,,,,,,,,,,,,1872,,,,,,,,,,,,,,,,,,,,,,,,,,,,,,,,,,,,,,,,,,,,,,,,,,,,,,,,,,,,,,,,,,,,,,,,,,,,,,,,,,,,,,
,,,,,,,,,,,,1784,,,,,1606,2204,,,1650,,,,,1603,,,,,,,,1951,,,,1792,,,,,,,,2026,1829,,2134,,,1919,1833,,0,,,,1919,,,,,,,,,,,1884,,,1691,,,,,1935,,,2006,,,,,,,,,1857,,,,,,,1869,,,,,1890,,,,1880,1965,,,3013,475,1649,,,,,,,,,2072,,,,,,,,,,,,,,,,,2826,,,,,,1746,1774,,,,,,,,,,,,,,,,,,,,,,,,,,,,,,,,,,,,,,,,,,
,,,,,,,,848,493,,,,,,,,,,383,,,1173,,,,,,,,,,,,,,,572,,,539,,,,,,,,,,,,,,,,0,,,,,,,,,,,,,,,,,,,,,,,,,,,,,,,,,,,,,,,,,,,,,603,,,,,,,,,,,,,,,,,,,,,,,,410,,,,,,,,,,,,,,,,,,,1993,,467,1625,,,,,,,,,,,,,,,,,,,,,,,,,,,,,,,,,,,,,,,,
,,,,,,,,1028,,,1805,,,,,,,,,,,,,,,1822,,,,,,,,,,1769,,1992,,,,,1700,,,,,1513,,,,2119,,,,,0,,,,1361,,,,,,,,,2043,,,,,,,,,,,,,,,,,,,,,,,,,741,,,,,,1377,,,,,,2159,1498,,,,,,,,,,,,,,,,,,,,1713,,,,,,,,,,,,,,,,,2040,,,,,,,,,,,,,,,,,,,,,,,,,,,,,,,,,,,,,,,,,,
,,,1689,,1357,,,,,,,,,,,,,,1089,,,,,,,,,,,1062,,,,,,852,,,,,,,,,,,,,,,,,,,,,,0,,,,,,,,,,870,,,,,,,,,,,,,,,,,,,,,3067,,,,,,,,,,,,,,,,,,,,,,1556,,,,,,,,,,,,,1110,,,,,,,,,,,,,,,,,,,1489,,655,,,,,,,,3123,,,,,,1259,,,,,,,,,,,,,,,,761,,,,,,,,,,,,
,,,1741,833,1387,,,,,,,,,,,,,,,,,,,,,,,,,,,,,,1797,713,,,,,,,,,,,1306,,,,,,,,1919,,,,0,,,,,,,,,896,,,,,,,,,,,,,,,,,,,,,,,,,,,,,,,,,,,,,,,,,,,1669,,,,,,,,,,,,,1114,1115,,,,,,,,,,,,,,,,,,,1452,836,,,,,,,,3200,,,,,,1135,,,,,,,,,,,,,,,,,,,,,,,,,,,,
,,,1967,,,,,,,,,,,,,,,,,,,,,,,,,,,,,,,,,,,,,,,,,,,,,,,,,,,,,,,,,0,,,,,,,,,,,,,,,,,,,,,,,,,,,,,,,,,,,,,,,,,,,,,,,,,,,,,,,,,,,,,,,,,,,,,,,,,,,,,,,,,,,,,,,,,,,,,,,,,,,,,,,,,,,,,,,,,,,,,,,,,,,,,,,
,,,,,,,,,,,,,,,,,,,,,,,,,,,,,,,,,,,,,,745,,,,,,,,,,,,,,,,,,,1361,,,,0,,,,,,,,,,,,,,,,,,,,,,,,,,,,,1190,,,970,,,,,,,,,,,,,,,,,,,,,,,,,,,,,,,,,,,,,,,,,,,,,,,,,,,,,,,,,,,,,,,,,,,,,,,,,,,,,,,,,,,,,,,,,,,,,,
,,,,,,,,,,,,,,,,,,,,,,,,,,1038,,,,,,,,,,,,1058,,,,,,,,,,,,,,,,,,,,,,,,0,,,,,,,,,,,,,,,,,,,,,,,,,,,,,,,,,,,,,,,,,,,,,,,,,,,,,,,,,,,,,,,,,,,,,,,,,,,,,,,,,,,,,,,,,,,,,,,,,,,,,,,,,,,,,,,,,,,,,,,,,,,,,
,,,,,,,,2032,,,2816,2850,,,,,,3304,,,,,,,,,,,,,,,,,,,,2891,,,,,,,,,2845,,3169,,,,2900,,,,,,,,,,0,,,,,,,2982,,,,,,,,2995,,,,,,,,,,,,2910,,,2835,,1636,,2927,,,,,,,,,,3065,,,,,2639,,,,,,,,,3099,,,,,,,2743,,,,,,,,,,,,,,,,2727,2856,,,,,,,,,,,,,,,,,,,,,,,,,,3891,,,,,,,,,,,,,,,,
,,,,,2295,,,,,,,1352,,,,,,,,,1454,,,,,,,,,,,,,,,1464,,,,,,,,,,,1616,,1392,,,,,,,,,,,,,,,0,,,,,,,,,,,486,,,1308,,,,,,,,,,,,,,,,,,,1360,,,,,,,,,,,,,,,1810,,,,,,,,,,,,,,,,1325,,,,,,,,,,725,,,,,,,1244,,,,,,,,,,,,,,,,,,,,,,,,,,259,379,,,,,,,,,,,,,,,
,,,,,,,,,,,,,,,,,,,,,,,,,,,,,,,,,,,,,,,,,,,,,,,1225,,,,,,,,,,,,,,,,,,0,,,,,,,,,,,,,,,,,,,,,,,,,,,,,,,,,,,,,,,,,,,,,,,,,,,,,,,,,,,,,,,,,,,,,,,,,,,,,,,,816,,,,,,,,,,,,,,,,,,,,,,,,,,,,,,,,,,,,,,,,,,
,,,,,,,,,,,,,,,,,,,742,,,,,,,,,,,574,,,,,,,,,,,,,,,,,,,,,,,,,,,,,,,,,,,,0,,,,,,,,,,,,,,,,,,,,,,,,,,,,,,,,,,,,,,,,,,,,,,,,,,,,,,,,,,,,,,,,,,,,,,,,,,,,,,,1046,,,,,,,,,,,,,,785,,,,,,,,,,,,,,,,,,,,,,,,,,,,
,,,,,,,,,,,,,,,,,,,,,,,,,,,,,,,,,,,,,,,,,,,,,,,,,,,,,,,,,,,,,,,,,,,0,,,,,,,,,,,,,,,,,,,,,,,,,,,,,,,,,,,,,,,,,,,,,,,,,,,,1060,,,,,,,,,,,,,,,,,,,,,,,,,,,,,,,,,,,,,,,,,,,,,,,,,,,,,,,,,,,,,,,,,,,,
,,,,483,,,,,1275,,,,,1607,,,1048,1318,,,1133,,,1329,,841,,,,608,,,,,,,,960,,,,,,,,1131,1446,,,,,1080,,,,,,870,896,,,,,,,,,0,,960,,,,,1593,,,,,,,,,,,,,,,,,,1134,,,,1327,,1215,,,1028,,,,1586,1109,,,,,1394,,,,,,810,,,,,,261,,1575,,653,942,,1493,1206,,,,,,,,,,,1694,,1126,,,,,,,,,,2468,,,,940,,,,,,,,,,,,,1484,,,,,,,,,,,,,,,
,,,2616,,2378,,,,,,,,,,,,,,,,,,,,,,,,,,,,,,,,,,,,,,,,,,,,,,,,,,,,,,,,,,,,,,,,0,,,,,,,,,,,,,,,,,,,,,,,,,,,,,,,,,,,,,,,,,,,,,,,,,,,,,,,,,,,,,,,,,,,,,,,,,,,,886,,,,,,,,,,,,,,,,,,,,,,,,,,,,,,,,,,,,,,,,,,
,2923,,1752,1039,1438,,,,,,509,,,,,,,,1225,,,,,,,,,,,1198,,,1519,,2105,995,1556,,,,,,,,,,1008,,974,,,,,,1884,,2043,,,,,,2982,,,,,960,,0,1316,2157,1196,,,,,,,,,,,,,,1793,,3110,,,,,,,,,,,752,,,,,1861,,,,,,1568,,,,,,1610,,,,,,,1209,,,,736,990,752,2402,,,1087,,1346,,,,1431,1112,,1610,,537,1418,,,,,,,3162,,,,1626,,1401,,,,603,,1313,,1327,,,,,,,1815,892,,,,,,,,,,,,
,,,571,,,,,276,,,1020,1529,,,1035,,,,,,1427,1359,,,,,,,,,,,,,,1004,,1311,,,,,,,,,1719,,,,,1433,1566,,,,,,,,,,,,,,,,,1316,0,,,,,,,1683,,,,,,,,,,,,1640,,,,,459,,1634,,,,601,,,,,,1463,,,,,,,,,,,,,,1902,,,,,,,923,,,,,,,,,,2375,,,,,,,1450,,,,,,,,,,,,,,,,,,,,174,,,,,,,,,,,,,,,,,,,,,,
,,,,,,,,,,,1752,,,,1582,,,,1015,,,,,,,,,,,,,,,,,,,,,,,,,,,,,,,,,,,,,,,,,,,,,,,,,,,2157,,0,,,1589,,2033,,,,,,,,,,,,,2949,,,,,,,,,,,,,,,,,,,,,,,,,,,,,,,,,,,,,,1607,,,,,,,,,,,,,,,,,2690,,,,,,,,,,,,,,,,,,,,,,,,,,,,,,,,,,,,,,,,,,
,,,,,1694,,,,,,,,,,,,,,,,,,,,,,,,,,,,,,,,,,,,,,,,,,,,,,,,,,1691,,,,,,,,,,,,,,,1196,,,0,,,,,,,,,,,,,,,,,,,,627,,,,,,,,,,,,,,,,,,,,,,,,,,,,,,,,,,,,,,,,,,,,,,,,,,,,668,,,,,,,,,,,,,,,,,,,,,,,,,,,,,,,,,,,,,,,,,,
,,,,,,,,,,,1402,,,,,,,,,,,,,,,,,,,,,,,,,,,,,,,,,,,,,,,,,,,,,,,,,,,,,,,,,,,,,,,0,,,,,,,,,,,,,,,,,,,,,,,,,,,,,,,,,,,,,,,,,,,,,,,,,,,,,,,,,,,,,,,,,,,,,,,,,,,,,,,,,,,,,,,,,,,,,,,,,,,,,,,,,,,,,,,,,
,,,2446,,2074,,,,,,896,1515,,,888,,,,,,,,,,,1268,,,,1470,,,,,,1074,,1089,,,,,,,,869,1821,,1671,,,1023,1489,,,,,,,,,,,486,,,,1593,,,,1589,,,0,,,1522,,,,,,,,,,,3852,1594,,,,,2102,,1556,,1638,,,,,,,,,,,986,,,,,,,,,1995,,,,,1775,,,,1006,,,,,,,,,,1182,,,,,,2000,1379,,,,,,,,3919,,,,,,1472,,,,,,,,,,,,,,,,,,,,,,,,,,,,2573
,,,,,2056,,,,,,,1454,,,,,,,,,,,,,,,,,,,,,,,1711,,,,,,,,,,,,1758,,,,,,,,,,,,,,,,,,,,,,,,,,,,,0,,,,,,,,,,,,,,,,,,,,,,,,,,,,,,,,,,,,,,,,,,,,,,,,,,,,,,,,,,,,,,,,,,,,,1319,,,,,,,,,,,,,,,,,,,,,,,,,,,,,,,,,,,,,,,,,,
,,,,,2616,,,,,,,1713,,,,,,,,,1818,,,,,,,,,2075,,,,,,,,,,,,,,,,,1967,,1723,,,,,,,,,,,,,,,,,,,,,,,2033,,,,,0,,,,,,,1668,,,,,,,,,1647,,,,,,2248,,,,,,,,,,,,,,,,,,,,2343,,,,,2333,,,,,,,,,,,2086,,,938,,,,,,2160,1609,,,,,,,,,,,,,,2088,,,,,,,,,,,,,,,,,,,,726,,,,,,,,2914
,2935,,1924,,1735,,,,,,,,,,,,,,,,,,,,,,,,,,,,2267,,2853,,,,,,,,,588,,,308,,,,,,,,1935,,,,,,,,2995,1308,,,,,,,1683,,,,1522,,,0,,,,,,,913,,,,,,,,,,,,,1790,2360,1215,,,,,,,,,,,,,,,,,,,,,,,,1626,,,,1432,,,,,,,,1644,,,,,,,,,,,,,,,,,3118,,,,,,,,,,1347,,,,,,,,,,,,,,,,,,,,,,,,
,,,,,,,,,,,,,,,,,,,,,,,,,,,,,,,,,,,,,,,,,,,,,,,1735,,,,,,1411,,,,,,,,,,,,,,,,,,,,,,,,,,0,,,,,,,,,,,,,,,,,,,,,,,,,,,,,,,,,,,,,,,,,,,,,,,,,,,,,,,,,,,1007,,,,,,,1314,,,,,,,,,,,,,,,,,,,,,,,,,,,,,,,,,,,,,,,,,,
,,,,,,,,,,,819,,,,,,,,,,,,,,,,,,,,,,,,,,,,,,,,,,,,,,,,,,,,,,,,,,,,,,,,,,,,,,,,,,,,,0,,,,,,,,,,,,,,,,,,,,,,,,,,,,,,,,,,,,,,,,,,,,,,,,,,,,,,,,,,,,,,,,,968,,,,,,,,,,,,,,,,,,,,,,,,,,,,,,,,,,,,,,,,,,
,,,,,1929,,,,,,,,,,,,,,,,,,,,,,,,,,,,,,,,,,,,,,,,,,,,,,,,,,2006,,,,,,,,,,,,,,,,,,,,,,,,,,0,,,,,,,,,339,,,,,,,,,,,,,,,,,,,,,,,,,,,,,,,,,,,,,,,,,,,,,,,,,,,,,,,602,,,,,,,,,,,,,,,,,,,,,,,,,,,,,,,,,186,,,,,,,,,
,,,,,,,,,,,,,,,,,,,,,,,,,,,,,,,,,,,,,,1609,,,,,,,,,1868,,,,,,,,,,,,,,,,,,,,,,,,,,,,,,,,,,,0,,,,,,,,,,,,,,,,,,,,,,,,,,,,,,,,,,,,,,,,,,,,,,,,,,,,,,,,,,,,,,,1685,,,,,,,,,,,,,,,,,,,,,,,,,,,,,,,,,,,,,,,,,,
,,,,,,,,,,,,,,,,,,,,,,,,,,,,,,,,,,,,,,,,,,,,,,,,,,,,,,,,,,,,,,,,,,,,,,,,,,,,,,,,,,,0,,,,,,,,,,,,,,,,,,,,,,,,,,,,,,,,,,,,,,,,,,,,,,,,,,,,,,,,,,,,,,829,,,,,,,,,,,,,,,,,,,,,,,,,,,,,,,,,,,,,,,,,,
,,,,,,,,,,,,,,,,,,,,,,,,,,,,,,,,,,,,,,,,,,,,,,,484,,,,,,,,,,,,,,,,,,,,,,,,,,,,,,1668,,,,,,,0,,,,,,,,,,,,,,,,,,,,,,,,,,,,579,,,,,,,,,,,,,,,,,,,,,,,,,,,,,,,,623,,,1592,,,,,,,,,,,,,,,,,,,,,,,,,,,,,,,,,,,,,,,,
,,,,,,,,,,,,,,,,,,,,,677,,,,,,,,,,,,,,,,,,,,,,,,,,,,,,,,796,,,,,,,,,,,,,,,,,,,,,,,,,913,,,,,,,0,,,,,880,,,,,,,,,,,,,,,,,,,,,,,,,,,,,,,,,,,,,,,,,,,,,,,,,,,,,,,673,,,,,,,,,,,,,,,,,,,,,,,,,,,,,,,,,,,,,,,,,,
,,,,,,,,,,,,,,,,,,,,,,,,,,,,,,,,,,,,,,,,,,,,,,,,,,,,,,,,,,,,,,,,,,,,,,,,,,,,,,,,,,,,,,0,,,,,,,,,,,,,,,808,,,,,,,,,,1376,,,,,,,,,,,,,,,,,,,,,,,,,,,,,,,,,,,,,,,,,,,,,,,,,,,,,,,,,,,,,,,,,,,,,,,,,,,,
,,,,,,,,,,,1724,,,,,,,2095,,,,1717,,,,1485,,,,,,,,,,1868,,,,,,,1496,,,,1642,,,,,1804,,,,,,,,,,,,,,,,,,1793,,,,,,,,,,,,,,,,,0,,,,,,,,,,1703,,,,1307,,,,,,,,,,277,,,,,,,,,,,,,,,,,1717,,,,,,,,,,,,,,,,,1628,,,,,,,,,,,,,,,,,,,,,,,,,,2740,,,,,,,,,2198,,1449,,,,,
,,,,,,,,,,,,,,,,,,,,,,,,,,,,,,,,,,,,,,,,,,,,,,,,,,,,,,,,,,,,,,,,,,,,,,,,,,,,,,,,,,,,,,,,0,,,,,,,,,,,,,,,,,,,,,,,,,,,,,,,,,,,,,,,,,,,,,,,,,,,,,,,,,1073,,,,,,,,3463,,,,,,,,,,,,,,,,,,,,,,,,,,,,,,,,,,
,,,,,,,,2174,,,2957,2951,,,2998,,2784,3426,,,2815,,,,,,,,,,,,,3175,,,,3012,,,,,,,,,2931,,3259,,,3137,3001,,,,,3067,,,,,,,,,,,,3110,,,,,3852,,,,,,,,,,,,,,0,3006,,,2941,,1766,,3024,,,,,,,,,,3185,,,4230,1602,2720,,,,,,,,,3186,,,,,,,2890,,,,,,,,,,4025,,1778,2010,,,,2964,,1378,,,,,,,,,,,,,,,,,,1880,,,,,,4027,,,,,,,,,,,,,,,,
,2850,,1857,,1683,,,1388,,,,,,,,,,,,,,,,1517,,,,,,,1187,,,,,,,,,,,,,,,,227,,,,977,,,,1857,,,,,,1190,,2910,,,,,,,,1640,2949,,,1594,,,,,,339,,,,880,,,,3006,0,,,,,,,,,2365,,,,,,,399,,,,,1413,416,,,,,,,,,,,,1590,,1320,,1446,,,,,,,3040,,,,,,,,,,,,,,,,1173,,3029,,,,,,,1036,,,,,,,1833,,,,1573,1363,,,,,,,,,,,,,,,
,,,,,,,,,,,2086,,,,,,,,,,,,,,,,,,,,,,,,,,,,,,,,,,,,,,,,,,,,,,,,,,,,,,,,,,,,,,,,,,,,,,,,,,,,,,,,0,,,,,,,,,,,,,,,,,,,,,,,,,,,,,,,,,,,,,,,,,,,,,,,,,,,,,,,,,,,,,,,,,,,,,,,,,,,,,,,,,,,,,,,,,,,,,,,,
,,,,,,,,,,,,,,,,,,,,,,,,,,,,,,,,,,,,,,633,,,,,,,,,883,,,,,,740,,,,,,,,,,,,,,,,,,,,,,,,,,,,,,,,,,,,,,,0,,,,,,,,,,,,,,,,,,,813,,,,,,,,,,,,,,,,,,,,,,,,,,,,,,,,,,643,,,,,,,,,,,,,,,,,,,,,,,,,,,,,,,,,,,,,,,,,,
,2775,,,,,,,,,,,,,,,,,,,,,,,1318,,,,,991,,,,,,,,,,,,,,,,,,434,,,,,,,,,,,,,,970,,2835,,,,,1134,,,,,627,,,,1647,,,,,,,,,,,,2941,,,,0,,,,,1568,2133,,,,,,,610,,,,,,,,,,,,,,,,,,,,,,,,,2339,,,,,,,,1573,,,,,,,,,,,,,,2973,,,,,,,,,,,,,,,,,,,,,,,,,,950,,,,,,,,
,,,,,,,,,,,,,,,,,,,,,,,,,,,,,,,,,,,,,,,,,,,,,,,1969,,,,,,,,,,,,,,,,,,,,,,,,,,,,,,,,,,,,,,,,,,,,,,,0,,,,,,,,,,,,,,,,,,,,,,,,,,,,,,,,,,,,,,,,,,,,,,,,,,,1548,,,,,,,,,,,,,,,,,,,,,,,,,,,,,,,,,,,,,,,,,,
,1576,,,1001,,,,,,,1220,,,,1296,,,1678,,,,,,1852,1974,1091,,,,1085,,,,1419,,1359,,1271,,1642,,,,,,,1452,,,,,1398,,,,,741,,,,,,1636,,,,,,,,459,,,,2102,,,,,,,,,,,,,,1766,,,,,,0,665,1433,,1656,,796,,,,,,,,,,438,,,,2459,,,,,,,,,547,1453,,,1204,,,1066,770,,,,,,2326,,483,,,,,1300,,,,1852,,,1772,1825,,,,,568,,,,,,,,,2645,,,,2264,,,,,,,,2058,1779,,,,,,,
,,,,,,,,241,,,,,,,,,,,,,,,,,,,,,,,,,,,,,,,,,,,,,,,,,,,,,1502,,,,,,,,,,,,,,,,,,,,,,,,,,,,,,,,,,,,,,,,,,665,0,,,,,,,,,,,,,,,,,,,,,,,,,,,,,,,,,,,,,,,,,,,,,,,,,,,,,,,,,,,,,,,,,,,,,404,,,,,,,,,,,,,,,,,,,,,,
,2867,,1863,,1681,,,1380,,,1212,,,,1389,,,737,,,,,,,1654,530,,,1189,,,,2268,,2855,1695,,562,,,,,,,,,265,,,,,560,,,1869,,,,,,,,2927,1360,,,,1327,,,1634,,,,1556,,,,,,,,,,,,1703,,3024,,,,,,1433,,0,1736,,,,,,,,,,,,,,,,,,,,,,,,,,1581,,,,,,,,,,,,1703,,1044,1703,,,,,450,,,,,,,,,3048,,1784,,,,,,,,,,1548,,,,,,1534,,,,1644,,,,,,,,,,955,,
,,,,,,,,,,,,1634,,,,,1448,,,,,,,,,,,,,,,,,,,,,,,,,,,,,,1790,,,,,1596,1675,,,,,,,,,,,,,,,,,,,,,,,,,1790,,,,,,,,,,,,,,,1568,,,,1736,0,,,,,,,,,,,,,,,,,,,,,,,1992,,,,,,,,,,,,,,,,,,,,,,,,1571,,,,,,,,,,,,,,,,,,,,,,,,,,,,,,,,,,,,,,,,,,
,,,,,,,,,,,1163,2243,,2247,1002,,2111,,620,,2201,,,,,,,,,,,,,,,680,,,,,,,,,,,2532,,2609,,,1879,2257,,,,,,,,,,,,,,,1215,,,,,,,1638,,2248,2360,,,,,,,,,,,,2365,,,2133,,1656,,,,0,,1156,,,,,,,,,2556,,,,,,,,,,,2621,,,,,,,937,,,,,,,,,,2629,,,,,,,2108,,,,,,,,,,,,,,289,,1187,,1105,,,,,,,,,1706,,,,,,,,,2431,,,,,,
,,,,,,,,,,,,,,,,,,,,,,,,,,,,,,,,,,,,,,766,,,,,,,,,,,,,,,,,,,,,,,,,,,,,,,,752,,,,,,,,1215,,,,,,,,,,,,,,,,,,,,,,0,,,,,,,,,,,,,,,,,,,,,,,,,,,,,,,,,,,,,,,,,,,,,,,,,,,,,,,,,,,,,,,,,,,,,,,,,,,,,,,,,,,,,,,
,,1949,1117,,,,,,,929,,,,,,,,,,,,,,,,,,,,565,,,,,1841,630,,783,,1064,,,,,,,1393,,1520,,,891,,1872,,603,1377,,,,,,,,,,,,,,601,,,,,,,,,,,,,,,808,1307,,,,,,,,796,,,,1156,,0,,,,1177,,,675,,1886,1167,,,,,1142,,,,,,521,,479,883,,,,,,1756,1469,,,,,,,,,,,,,1010,,1153,,,,,,,,,,,1281,,,,,,566,647,,,,,,1519,,,,816,,,,,,1658,,,,,,
,,,,,1490,,,,,,,,,,,,,,1376,,,,,,,,,,,,,,,,,,,,,,,,,,,,,,,,,,,,1890,,,,,,,,,,,,,1028,,,,,,,,,,,,,,,,,,,,,,,,,,,,,,,,,,0,,,,,,,,,1543,,,,,,,,,,,,,,,,,,,,,,,,,,,,,,,,,,,,,,,,,,,,,,,,,,,,,,,,,,,,,,,,,,,,,,,,,,,,
,,,,,,,,,,,,,,,,,,,,,,,,,,,,,,,,,,,,,,,,,,,,,,,1466,,,,,,,,,,,,,,,,,,,,,,,,,,,,,,,,,,,,,,,,,,,,,,,,,,,,,,,,0,,,,,,,,,,,,,,,,,,,,,,,,,,,,,,,,,,,,,,,,,1557,,,,,,,,,,,,,,,,,,,,,,,,,,,,,,,,,,,,,,,,,,,
,,,,,1865,,,,,,,,,,,,,,,,,,,,,,,,,,,,,,,,,,,,,,,,,,348,,,,,,,,,,,,,,,,,,,,,,,,,,,,,,,,,,,,,,,,,,,,,,,,,,,,,,,,,0,,,,,,,,,,,,,,,,,,,,,,,,,,,,,,,,,,,,,,,,,,,,,,,,,,,,,,,,,,,,,,,,,,,,,,,,,,,,,,,,,,,
,,,,,,,,831,,,,,,,,,,,,,,,,,,1662,,,,,,,,,,,,1823,,,,,,,,,,,,,,,,,,,,,,,,,,,,,,,,1861,,,,,,,,,,,,,,,,,,,,,,,,,,,,,,,1177,,,,0,,,,,,,,,,,,,,,,,,,,,,,,,,,,,,,,,,,,,,,,,,,,,,,,,,,,,,,,,,,,,,,,,,,,,,,,,,,,,,,,,,
,2803,,1945,,1848,,,,,,1607,,,,,,,,,,498,,,,,,,,,,,,,,,,,,,,,,,,,,,,,,,,511,,1880,,,,,,,,,,,,,1586,,,,,,,,,,,,,,,,,,,,,,399,,,610,,,,,,,,,,,,,0,,,,,,,,,,,,,,,,,,,,,,,,,,,,,,,,,,,,,,,647,,,,,,,,2945,,,,,,,,,,,,,,,,,,,,,,,,,,,,,,,,,,
,3004,2690,1860,1231,1571,1039,,,,,709,,,,873,,,,1417,,,,,,,,,820,944,1392,,,1705,,2289,1195,,,,,,,,,,,,,789,,,,,,1965,,2159,,,,,,3065,,,,,1109,,,1463,,,,,,,,,,,,,,,,,,3185,,,,,,,,,,,,,,,,,,0,,,1049,1612,,,,,1978,,1060,,,,,,1366,1588,,,936,1186,,2506,,,,,1295,,,,,1175,,1782,,408,1615,,,,,,,3231,,1454,,,,,,,,,,1441,,,,,812,,,,,1078,,,,,,,,,,,,
,,,,,,,,,,,,,,,,,,,,,,,,,,,,,,,,,,,,,,,,,,,,,,,771,,,,,,,,,,1498,,,,,,,,,,,,,,,,,,,,,,,,,,,,,,,,,,,,,,,,,,,,675,,,,,,,0,,,,,,,,,,,,,,,,,,,,,,,,,,,,,,,,,,,,,,,,,,,,,,,,,,,,,,,,,,,,,,,,,,,,,,,,,,,,,,,
,,,1898,,1553,,,,,,,,,,,,,,,,,,,,,,,,,,,,,,,,,,,,,,,,,,,,,,,,,,,,,,,,,,,,,,,,,,,,,,,,,,,,,,,,,,,,,,,,,,,,,,,,,,,,,,,,0,,,,,,,,,,,,,,,,,,,,,,,,,,,,,,,,,,,,807,,,,,,,,,,,,,,,,,,,,,,,,,,,,,,,,,,,,,,,,,,
,,,2906,2108,2600,,,2203,2017,,1537,,2120,,,,,814,,,,,,,,1411,,,1955,,,,,,2640,1913,,1221,,,,,,,,,,,,,,1094,,,3013,,,,,,,,,,,,,,,,,,,,986,,,,,,,,,,,,,,4230,,,,,,,,,,2556,,1886,,,,,,1049,,,0,,,,,,,,,2911,,,,,2363,,,,1738,,,,,,,2618,,1517,,,,,,2076,,1299,,,,,,,,4271,,,,,,,,,,1495,,,,,,,,742,,,,1636,,,,436,,,,,,,,
,,,,,,,,899,,,1559,,,,1663,759,,1852,,,,1473,,,,1240,,,,,930,1079,,1617,,1768,,1440,,,,,1294,,,1686,1366,1150,,,,1560,,,475,,,1556,1669,,,,,,,,,,,1568,,,,,,,,,,,,,,,,1376,277,,1602,1413,,813,,,438,,,,,,1167,1543,,,,,1612,,,,0,,,,,,,,,,,932,,985,,,,,,,,,,,,,,,,,,,,,1363,,,1514,2081,,,,1634,,,,,,,,,,,1015,721,,,,,,,,1310,,,,,,,1955,,1508,834,,,,
,2581,,1715,,1629,,,,,,1494,,,,,968,,,,,,,,,,,,,,,1253,,,,,,,,,,,,,,,,,,,,,,,,1649,,,,,,,,2639,1810,,,,1394,,,,,,,,,,,,,,,,579,,,,,2720,416,,,,,,,,,,,,,,,,,,,,,,0,,,,,,,,,,,,1617,,,,1670,,,,,,1398,,,,,,,,,,,599,,,,,,,,2730,,,,,,,,,,,,,,,,,,,1751,,,,,,,,,,,,,,,
,,,,,,,,,,,,,,,,,,,,,,,,,,,,,,,,,,,,,,,,,,,,,,,,,,,,,,,,,,,,,,,,,,,,,,,,,,,,,,,,,,,,,,,,,,,,,,,,,,,,,,,,,,,,,,,,,0,,,,,,,,,,,,,,,,,,,,,,,,,,,,,,,,1533,,,,,,,,,,,,,,,,,,,,,,,,,,,,,,,,,,,,,,,,,,
,,,,,,,,,,,,,,,,,,,,,,,,,,,,,,,,,,,,,,,,,,,,,,,,,,,,,,,,,,,,,,,,,,,,,,,,,,,,,,,,,,,,,,,,,,,,,,,,,,,,,,,,,,,,,,,,,,0,,,,,,,,,,,,,,,,,,,,,,,,,,,,,,,1276,,,,,,,,,,,,,,,,,,,,,,,,,,,,,,,,,,,,,,,,,,
,,,,,,,,,,,1290,,,,1172,,,,,,,,,,,,,,,,,,,,,1136,,1745,,,,,,,,,2531,,,,,,,,,,,,,,,,,,,,,,,,,,,,,,,,,,,,,,,,,,,,,,,,2459,,,,,,,,,,,,,,,,,,,,0,,,,,,,,,,,,,,,,,,,,,,,,,,,,,,2067,,,,,,,,,,,,,,,,,,,,,,,,,,,,,,,,,,,,,,,,,,
,,,,,,,,,,,,,,,,,,,,,,,,,,1664,,,,,,,,,,,,1817,,,,,,,,,,,,,,,,,,,,,,,,,,,,,,,,,,,,,,,,,,,,,,,,,,,,,,,,,,,,,,,1142,,,,,,1978,,,,,,,,,0,,,,,,,,,,,,,,,,,,,,,,,,,,,,,,,,,,,,,,,,,,,,,,,,,,,,,,,,,,,,,,,,,,,,,,,
,,,,,,,,,,,,,,,,,,,,,,,,,,,,,,,,,,,,,,,,,,,,,,,,,,,,,,,,,,,,,,,,,,,,,,1610,,,,,,,,,,,,,,,,,,,,,,,,,,,,,,,,,,,,,,,,,,,,,,,0,,,,,,,,,,,,,,,,,,,,,,,,,,,,2148,,,,,,,,,,,,,,,,,,,,,,,,,,,,,,,,,,,,,,,,,,
,,,,,,,,,525,,,,,,,,,,,,,,,,,,,,,516,,,,,,,,1022,,,,,,,,,,,,,,,,,,,,,,,,,,,,,,810,,,,,,,,,,,,,,,,,,,,,,,,,,,,,,,,,,,,,,,1060,,,,,,,,,,,0,,,,,,,,,,,,,,,,,,,,,,,,,,,1340,,,,,,,,,,,,,,576,,,,,,,,,,,,,,,,,,,,,,,,,,,,
,,,,,,,844,,,,,,,,,,,,,,,,,,,,,,,,,,,,763,1901,,2857,,,,,,,,,,,,,,,,,,,,,,,,,,,,,1060,,,,,,,,1995,,2343,,,,,,,,,,,,,,,,,,,,,,,,,,,,,,,,,2911,,,,,,,,,0,,,,,,,,,,,,,,,,,,,,,,,,1057,,3191,,,,,,,,,,,,,,,,,,,,,,,,,,,,,,,,,,,,,,,,,,
,,,,,,,,,,,,1134,,,,,,,,,,,,,,,,,,,,,,,,,,867,,,,,,,,,,,,,,,,,,,,,,,,,,,,,,,,,,,,,,,,,,,,,,,,,,,,,,,,,,,,,,,,,,,,,,,,,,,,,,,,,,0,,,,,,,,,,,,,,,,,,,,,,,,,1036,,,,,,,,,,,,,,,,,,,,,,,,,,,,,,,,,,,,,,,,,,
,3040,,2094,,1939,,,1653,,,,,,,,,,,,,,,,,,,,,,,,,2526,,,1968,,,,,,,,,,,,,,,,,,,2072,,,,,,,,3099,,,,,,,,1902,,,,,,,,,,,,,,,,,,3186,,,,,,,,,1992,2621,,,,,,,,,,,,,,,,,,,,,,0,,,1855,,,,1694,,,,,,,,,,,,,,,,,,,,,,,,,3201,,,,,,,,,,,,,,,,,,,,,,,,,,,,,,,,,,
,,,,,,,,,,,,,,,,,,,,,,,,,,,,,,,,,,,,,,,,,,,,,,,893,,1072,,,,,,,,,,,,,,,,,,,,,,,,,,,,,,,,,,,,,,,,,,,,,,,,,,,,521,,,,,,,,,,932,,,,,,,,,,,0,,,,,,,,,1812,,,,,,,,,,,,,949,589,,,,,,,,,,,,,,,,,,,,,,,,,,,,,,,,,,,,,,,,,,
,,,,,,,,,,,,,,,,,,,,,,,,,,,,,,628,,,,,,,,,,,,,,,,,,,,,,,,,,,,,,,,,,,,,,,,,,,,,,,,,,,,,,,,,,,,,,,,,,,,,,,,,,,,,,,,,,,,,,,,,,,,,0,,,,,,,,,,,,,,,,,,,,,,1079,,,,,,,,,,,,,,790,,,,,,,,,,,,,,,,,,,,,,,,,,,,
,,,709,,,,,202,,,887,1475,,1861,897,,1299,1570,,,1382,1269,,1501,,1102,,,,,,,,1304,,867,,1220,,,,,,,,1383,1686,,1878,,,1339,1509,,,,,1110,1114,,,,,,,,,261,,1209,,,,,1775,,2333,1626,,,,,,,,,,,,1590,,,,,547,,1581,,,,479,,,,,,1366,,,2363,985,1617,,,,,,,,,1855,,,0,,1791,,,,,,,,222,,,,2276,,1003,695,,,1712,1385,,788,,1648,,,,,,,,,,,,,,,,276,,,,,,1982,,,,,,,,,1659,2129,,,,,,
,,,,,,,,,,,879,,,,723,,,,,,,,,,,1529,,,,,,,,,,405,,,,,,,,,,,2249,,,,,,,,,410,,,1115,,,,,,,,,,,,,,,,,,,,,,,,,,,,,,,,,,,,1453,,,,,,883,,,,,,1588,,,,,,,,,,,,,,,,,,0,,,653,,,,,,,,,,,,,,,,,1823,,1667,,1580,,,,,,,,,,,,902,,834,,,,,823,,,,,,,,,,,,,,,,,,,
,,,,,,,,,,,,,,,,,,,,,1342,,,,,,,,,,,,,,,1223,,,,,,,,,,,1546,,1366,,,,,,,,,,,,,,,,,,,1575,,,,,,,,,,,,,,,,,,,,,,1320,,,,,,,,,,,,,,,,,,,,,,,,,,,,,,,,,,1791,,0,,,,,,,,,,,,860,,,,,,,1131,,,,,,,,,,,,,,,,,,,,,,,,,,,,,,,,,,,,,,,,,,
,,,,,,,,,,,,,,,,,,500,,,,,,,,,,,,,,,,,,,,697,,,,,,,,,1455,,,,,,,,,,,,,,,,,,,,,,,,,,,,,,,,,,,,,,,,,,,,,,,,,,,,,,,,,,,,,,,,,,,,,,,,,,,,,,,,0,,,,,,,,,,,,,,,,,,1000,,,,,,,,,,,,,,,,,,,,,,,,,,,,,,,,,,,,,,,,,,
,,,,381,,,,,707,,,,,1344,,,,,594,,,,,,806,900,,,,505,,,,,1483,,825,877,763,,,,,,,,1629,,1677,1050,,942,1334,,,,1713,,,,,,2743,1325,,,,653,,736,923,1607,,,1006,,,1432,,,,,,,,,1717,,2890,1446,,,,,1204,,,,937,,,,,,,,936,,,1738,,1670,,,,,,,,,1694,,,,653,,,0,,,2098,,,,1705,,,,,,,,1094,,1184,722,1539,,,,,,2966,,,,,,666,,,,,,1016,,,,,,1235,,,,,,,,,,1561,,,,,,
,,,,,,,,,,,508,,,,,,,,,,,,,,,1214,,,,,,,,,,,,1161,,,,,,,,,,,,,,,,,,,,,,,,,,,,,,942,,990,,,,,,,,,,,,,,,,,,,,,,,,,,,,,,,,,,,,,1186,,,,,,,,,,,,,,,,,,,,,,0,,,,,,,,,,,,,,,,1484,,,,,,,,,,,,,,,,,,,,,,,,,,,,,,,,,,,,,,,,,,
,,,,,,,,,,,,,,,,,,,,,,,,,,,,,,,,,,,,,,940,,,,,,,,,,,,,,,,,,,,,,,,,,,,,,,,752,,,,,,,,,,,,,,,,,,,,,,,,,,,,,,,,,,,,,,,,,,,,,,,,,,,,,,,,,,,,0,,,,,,,,1624,,,,,,,1272,,,,,,,,,,,,,,,,,,,,,,,,,,,,,,,,,,,,,,,,,,
,,,,,,,,,,,2186,,,,,,,,,,,,,,,2157,,,,,,,,,,2152,,2336,,,,,2064,,,,2430,,,,,2464,,,,,,,,,,,,,,,,1493,,2402,,,,,,,,,,,,,,,,,,,,,,,2339,,1066,,,,,,1756,,,,,,2506,,,,,,,,,,,,,,,1812,,,,,,2098,,,0,,,,,,,,,,,,,,2353,,675,,,,,,,,,,,,,,,,,1911,,,,,,,,,2167,,,,,,,,,,,,,,
,,,,,,,,,,,,,,,,,,,,,,,,,,1861,,,,,,,,,,1897,,2039,,,,,,,,,,,,,,,,,,,,,,,,,,,,,,1206,,,,,,,,,,,,,,,,,,,,,,,,,,,770,,,,,,1469,,,,,,,,,,,,,,,,,,,,,,,,,,,,,,,0,,,,,,,,,,,,,2061,,,,,,,,,,,,,,,,,,,,,,,,,,,,,,,,,,,,,,,,,,
,,,,,,,,,,,,,,,,,,,,,,,,,,,,,,,,,,,,,,689,,,,,,,,,,,,,,,,,,,,,,,,,,,,,,,,,,,,,,,,,,,,,,,,,,,,,,,,,,,,,,,,,,,,,,,,,,,,,,,,,,,,,,,,,,,,,,,0,,,,,,,,,,,,848,,,,,,,,,,,,,,,,,,,,,,,,,,,,,,,,,,,,,,,,,,
,,,,,,,,,,,,,,,,,,,,,,,,,,,,,,,,,,,,,,1066,,,,,,,,,1474,,,,,1190,,,,,,,,,,,,,,,,,,1087,,,,,,,,,,,,,,,,,,,,,,,,,,,,,,,,,,,,,,,,,,1398,,,,,,,,,,,,222,,,,,,,,,,0,,,,,,,,,,,1196,,,,,,,,,,,,,,,,,,,,,,,,,,,,,,,,,,,,,,,,,,
,,,,,,,404,,,,1847,,,,1679,,,,,,,,,,,,,,,,,,,,,,,2448,,,,,,,,,,,,,,,2924,,,,,,,,,,,,,,,,,,,,,,,,2086,,,,,,,,,,,,,3040,,,,,,,,,,,,,,,,,,,,2618,,,,,,,,,,,,,,,,,,1705,,,,,,,0,,,,,,,,,,2782,,,,,,,,,,,,,,,,,,,,,,,,,,,,,,,,,,,,,,,,,,
,,,,,,,,,,,1590,,,,,,,1057,,,,,,,,,,,,,,,,1287,,,,1465,,,,,,,,,1943,,,,,,1670,,,,,,,,,,,,,,,,,1346,,,,,,,,1644,,,,,,,,,,,,,,,,,,,1703,,,,,,,,,,1295,,,,,,,,,,,,,,,,,,,,,,,,,,,,,0,,819,,,,,,,1625,,,,839,,,,,,,,,,,,,,,,,,,,,,,,,,,,,1745,,,,,,,,,
,,,,,,,,,,,,,,,,,,,,,,,,,,,,,,,,,,,,,,952,,,,,,,,,,,,,,,,,,,,,,,,,,,,,,,,,,,,,,,,,,,,,,,,,,,,,,,,,,,,,,,,,,,,,,,,1517,,,,,,,,,,,,,,,,,,,,,,,,,,,0,1595,,,,,,,1286,,,,,,,,,,,,,,,,,,,,,,,,,,,,,,,,,,,,,,,,,,
,,,2753,,2480,,,,,,1526,,,,,,,,,,,,,,,1236,,,1856,,,,,,2823,,,1070,,,,,,,,,1236,,922,,,,,,2826,,,,,,,,,725,,,,,,,2375,,,,1182,,938,,1007,,,,,,,,,,4025,,,,,,2326,,1044,,2629,,,,,,,,,,,,,,,,,,,,,,,,,2276,,860,,,,1624,,,,,,819,1595,0,1254,,,,2263,,1062,,,,,,692,,4059,,794,,,,,,,,,,,,1021,,,,984,997,,,1726,,,,,,,,,,,,
,,,,,,,,,,,,,,,,,,,,,1738,,,,,,,,,,,,,,,,,,,,,,,,,,1968,,,,,,1638,,,,,,,,,,,,,,,,,,,,,,,,,,,,,,,,,,,,,,,,1573,,,,1703,,,,,,,,,,,,,,,,,,,,,,,,,,,,,,,,,,,,,,,,,1254,0,,,,,,1531,,,,,,,,,,,,,,,,,,,,,,,,,,,,,,,,,,,,,,,,,,
,1619,,768,,838,,,883,,,1472,,,,,,,,,,,,,,,,,,,,,,,,,,,,,,,,,,,,,,,,,,,,,,,,,,,,,,,,,,,1431,,,,,,,,,,,,,,,,,,,1778,,,,,,483,,,,,,,,,,,,,,,,,,,,,,,,,,,,,1003,,,,,,,,,,,,,,,,0,,,,,1191,,646,,,,,,1807,,,,,,,,,,,,764,,,,,,,,,,,,,,,,,,,,,,
,1831,,753,,,,,539,,,1099,,,,,,,,,,,,,,,,,,,,,,,,,1353,,1002,,,,,,,,,1126,,1393,,,,,,,,,,,,,,,,,,,,,1112,,,,,,,,,,,,,,,,,,,2010,,,,,,,,,,,,,,,,,,1175,,,,,,,,,,,,,,,,,695,,,,,,,,,,,,,,,,,0,,,,988,,691,,,,,,2056,,,,,,,,,,,,519,,,,,,,,,,,,,,,,,,,,,,
,,,,,,,,,,,,,,,,,,,,,,,,,,,,,,,,,,,,,,,,,,,,,,,,,,,,,,,,,,,,,,,,,,,,,,,,,,,,,,,,,,,,,,,,,,,,,,,,,,,,,,,,,,,,,,,,,,,,,,,,,,,,,,,,,,,,,,,,,,,,,,0,,,1851,,,,,,,,,,,,,,,,,,,,,,,,,,,,,,,,,,,,,,,,,,
,,,,,,,299,,,,1218,,,,,,,1756,,,,,,,,1908,,,,,,,,,564,880,,1810,,,,,,,,,,,,,,,,,,,,1489,,,,,,,,,,1694,,1610,,,,,,,,,,,,,,,,,,,,,,,,,,,,,,,,,,,,,1782,,,2076,,,,,,,,,1057,,,,,,,,,1094,,,,,,,,,,2263,,,,,0,,2144,,,,,,,,,,,,,,,,,,,,,,,,,,1338,,,,,,,,,,,,,,,,
,2669,,1815,,1728,,,,,,,,,,,,,,,,,,,,,850,,,,,,,,,,,,,,,,408,,,,,,,,,,,,,1746,1993,,,1452,,,,2727,,,,,,,,,,,,2000,,2160,,,,,,,623,,,,,,,,,,,,,450,,,,,,1557,,,,,,,,,,,,,,,,,,,949,,1712,,,,,,,,,,,,,,,,,,,,0,629,,,,1512,,,,2814,,,,,,,,,,,,,,,,,,1985,1770,,,,,,,,,,,,,,,
835,2796,,1732,1394,1514,1341,2408,1186,1838,,977,,945,725,1155,788,,593,1732,1200,,,709,1278,1451,,754,1206,,,976,711,2037,492,2623,1459,2003,,,,,,,402,280,510,471,,510,2195,785,358,,,1774,,2040,655,836,,,,2856,1244,816,1046,,1126,886,537,1450,2690,668,,1379,1319,1609,,1314,968,602,1685,829,,673,,1628,1073,2964,,,643,,1548,1300,,,1571,2108,,1010,,,,,647,408,,807,1299,1363,599,1533,1276,2067,,2148,1340,3191,1036,,589,1079,1385,1823,1131,1000,1184,1484,1272,2353,2061,848,1196,2782,1625,1286,1062,1531,1191,988,1851,2144,629,0,1901,1679,644,907,1021,1004,,2997,1778,1741,,1763,,,1026,921,1177,1115,496,1379,,1685,1063,1331,,1389,1153,,1755,1414,1140,,521,,,1004,2557,,,,1322,
,,,,,,,,,,,924,,,,749,,,,,,,,,,,,,,,,,,,,,446,,1583,,,,,,,,,,,,,,,,,,467,,,,,,,,,,,,,,1418,,,,,,,,,,,,,,,,,,,,,,,,,,,,,,,,,,,,,1615,,,,,,,,,,,,,,,,,,,,,722,,,,,,,,,,,,,,,,,1901,0,,,,,,,,,,,,,,,,,820,,,,,,,,,,,,,,,,,,,,,,,,
,1183,,,,,,,809,,,1585,,,,1641,931,,,,,,,,,,1484,,,,,,,,,,,,1666,,,,,,,,,1780,,,,,1794,,,,1625,,,,,,,,,,,,,,,,,,,,,,,,,,,,1592,,,,,1378,,,,,,,,,,,,1153,,,,,,,,,,,,,,,,,,,,,,,788,1667,,,1539,,,675,,,,,,,,,646,691,,,,1679,,0,,,,,,1442,,,,,,,,,,,,,,,,,,,,,,,,,,,,,,,,,,
,,,,,,,,,,,,,,,,,,,,,,,,,,,,,,,,,,,,,,,,,,,,,,,,,,,,,,,,,,,,,,,,,,,,,,,,,,,,,,,,,,,,,,,,,,,,,,,,,,,,,,,,,,,,,,,1514,,,,,,,,,,,,,,,,,,,,,,,,,,,,,,,,,,644,,,0,,,,,,,,,,,,,,,,,,,,,,,,,,,,,,,,,,,,,,,
,,,2243,,1908,,1798,1505,,,796,,,,888,,,,1274,,,645,,536,,,,,,,,,,471,,1179,,,,,,,,,,,1328,,,,,,1002,,,,,,,,,,,,,,,,,,,,,,,,,,,,,,,,,,,,,,,,,,1852,,,,,,,,,,,,,,,,2081,,,,,,,,,,,,,1648,1580,,,,,,,,,,,839,,,,,,,,1512,907,,,,0,,,,3671,,,,,,,,906,,755,,1790,,,,,,,,,,,,,1225,,,,,,,,,
,,,,,,,,,,,,,,,,,,,,,,,,,,,,,,,,,,,,,,,,,,,,,,,1491,,,,,,,,,,,,,,,,,,,,,,,,,,,,,,,,,,,,,,,,,,,,,,,,,,,,,,,,,,,,,,,,,,,,,,,,,,,,,,,,,,,,,,,,,,,,,,,,,,1021,,,,,0,,,,,,,,,,,,,,,,,,,,,,,,,,,,,,,,,,,,,
,,,,,,,,,,,,,,,,,,,,,,,,,,,,,,,,,,,,,,,,,,,,,,,1395,,,,,,,,,,,,,,,,,,,,,,,,,,,,,,,,,,,,,,,,,,,1173,,,,,,,,,,,,,,,,,,,,,,,,,,,,,,,,,,,,,,,,,,,,,,,,692,,,,,,,1004,,,,,,0,,,,,,,,,,,,,,,,,,,,,,,,,,,,,,,,,,,,
,,,,,,,,2195,,,,,,,,,,,,,,,,,,,,,,,,,,,,,,,,,,,,,,,,,,,,,,,,,,,,,,,,,,,,,,,,,,,,,,,,,,,,,,,,,,,,,,,1772,,,,,,,,,,,,,,,,,,,,,,,,,,,,,,,,,,,,,,,,,,,,,,,,,,,,,,,,,0,,,,,,,,,,,,,,,,,,,,,,,,,,,,,,,,,,,
,,,,,,,,2245,,,3026,2978,,3698,3073,,2815,3472,,,2842,,,,,2862,,,,,,,,3224,,,,3058,,,,2822,,,,,2945,,3276,,,3182,3029,,,,,3123,3200,,,,,,,,,,,3162,,,,,3919,,,3118,,,,,,,,,,3463,,3029,,,2973,,1825,,3048,,,,,,,,,2945,3231,,,4271,1634,2730,,,,,,,,,3201,,,,,,,2966,,,,,,,,,,4059,,1807,2056,,,2814,2997,,1442,,3671,,,,0,,,,,,,,,,3193,,1952,,,,,,4089,3789,,,,,,,3849,,,,,,,,
,,,,,,,,,,,,,,,,,,,,,,,,,,,,,,,,,,,,,,1444,,,,,,,,,,,,,,,,,,,,,,,,,,,,,,,,,,,,,,,,,,,,,,,,,,,,,,,,,,,,,,,,,,,,,,,,,,,,,,,,,,,,,,,,,,,,,,,,,,,,,,,,,,,1778,,,,,,,,,0,,,,,,,,,,,,,,,,,,,,,,,,,,,,,,,,,
,,,,,,,,,,,1829,,,,,,,1213,,,,,,,,,,,,,,,,,,,,,,,,,,,,,2004,,,,,,,,,,,,,,,,,,,,,2468,,,,,,,,,,,,,,,,,,,,,,,,,,,,,1784,,,,,,,,,,1454,,,,,,,,,,,,,,,,,,,,,,,,,,,,,,,794,,,,,,,1741,,,,,,,,,,0,,,,,,,,,,,,,,,,,,,,,,,,,,,,,,,,
,,,,,,,,,,,,,,,,,,,,,,,,,,,,,,,,,,,,,,,,,,,,,,,,,,,,,,,,,,,,,,,,,,,,,,,,,,,,,,,,,,,,,,,,,,,,,,,,,,,,,,,,,,,,,,,,,,,,,,,,,,,,,,,,,,,,,,,,,,,,,,,,,,,,,,,,,,,,0,,,,,,,,,,,,,,,,,,,,,,,,,,,,,,,
,,,3374,,3062,,,,,,1967,,,,,,,1283,,,,,,,1579,,,,,,,,,,,,,,,,,,,,,,,,,,,,,,,,,,,,,,,,,,,,,1626,,,,,,,,,,,,,,,,,,,,,,,,,,,,,,,,,,,,,,,,,,,,,,,,,,,,,,,,,,,,,,,,,,,,,,,,,,,1763,,,,,,,,,,,,0,,,,,,,,,,,,,,,,,,,,,,,,,,,,,,
,,,,,,,,,,,,,,,,,,,,,,,,,,1660,,,,,,,,,,,,1838,,,,,,,,,,,,,,,,,,,,,,,,,,,,,,,,,,,,,,,,,,,,,,,,,,,,,,,,,568,,,,,,1281,,,,,,,,,,,,,,,,,,,,,,,,,,,,,,,,,,,,,,,,,,,,,,,,,,,,,,,,,0,,,,,,,,,,,,,,,,,,,,,,,,,,,,,
,,,,,,639,,,,,893,,,,743,,,,,,,,,1203,,1528,,,,334,,,,,,432,,1533,,,842,,,,,,,,,,,1605,,,,,,1259,1135,,,,,,,785,,940,,1401,,,,,1472,,2088,,,,,,,,,,,,,,,,,,,,,,289,,,,,,,,,,,,,,,,,,,576,,,,,790,,,,,666,,,,,,,,,,,,,,,,,,,,,,,,,,,,,,,0,,905,884,861,,,,,,,,1736,,,,,,,,,,,,,,,,
,,,2720,,2449,,,,,,,,,,,,,,,,,,,,,,,,,,,,,,,,,,,,,,,,,,,,,,,,,,,,,,,,,,,,,,,,,,,,,,,,,,,,,,,,,,,,,1036,,,,,,,,,,,,,,,,,,,,,,,,,,,,,,,,,,,,,,,,,,,,,,,,,,,,,,,1026,,,,,,,,,,,,,,,0,,,,,,,,,,,,,,,,,,,,,,,,,,,
,,,,511,,,,626,978,,,,,,,,,,865,,,,,,,,,,,672,,,,,,,1082,631,,1059,,,,,,,1357,,,,,715,,,,,,,,,,,,,,,,,,,,,,,,,,,,,,,,,,,,,,,,,,,,,,,1187,,,,,,,,,,,,,,,,,,,,,,,,,,902,,,,,,,,,,,,,,,,,,,,921,,,,906,,,,,,,,,,905,,0,,,,,,,,,,,,,,,,,,,,,,,,,,
,,,,714,,,,,,,,,,,,,,,585,,,,,,,,,,,,,,,,,,,,,,,,,,,,,,,,,,,,,,,,,,,,,,,,,,,,,,,,,,,,,,,,,,,,,,,,,,,,,,,,,,,,,,,,,,,,,,,,,,,,,,,,,,,,,,,,,,,,,,,,,,,,,,1177,,,,,,,,,,,,,,884,,,0,,,1338,,,,,,,,,,,,,,,,,,,,,,
,,,1712,641,,,,948,725,,,,,1142,,,,859,622,,1267,816,,,575,866,,,,756,,,,,1508,,,785,,940,,,,,,,1581,,,,,817,1262,,,,,,,,,,,,,,,,,603,,,,,,,,1347,,,,,,,,,,,,,,,,,,,,,1105,,,,,,,,,,,1495,,,,,,,,,,,,,,,834,,,,,,,,,,,,,,,,,,,,1115,820,,,755,,,,3193,,,,,,861,,,,0,,1241,,,,,,,,,,,,,,,,,,,,,,
,,,,,,,,,,,,,,,,,,,,,,,,,,,,,,,,,,,,,,,,,,,,,,,829,,,,,,,,,,,,,,,,,,,,,,,,,,,,,,,,,,,,,,,,,,,,,,,,,,,,,,566,,,,,,,,,,1015,,,,,,,,,,,,,,,,,,,,1911,,,,,,,,,,,,,,496,,,,,,,,,,,,,,,,,,,0,,,,,,,,,,,,,,,,,,,,,,,
,,,,,,,,,,,1079,,,,1121,,,,1471,,1334,1327,,,,1127,,,,,,,,1397,,1132,,1279,,,,,,,,,1610,,,,,,1485,,,,,,,,,,,,,,,,,1313,174,,,,,,,,,,,,,,,,,,1880,,,,,,,404,1548,,,,647,,,,,,1441,,,,721,,,,,,,,,,,,,276,,,,1016,,,,,,,,,,,,764,519,,,,1379,,,,1790,,,,1952,,,,,,,,,1338,1241,,0,,,,,,,,,,,,,,,,,,,,,,
,1624,,,,,,,579,,,,,,,,,,,,,,,,,,,,,,,,,,,,,,,,,,,,,,,,,,,,,,,,,,,,,,,,,,,,,,,,,,,,,,,,,,,,,,,,,,,,,,,,,,,,,,,,,,,,,,,,,,,,,,,,,,,,,,,,,,,,,,,,,,,,,,,,,,,,,,,,,,,,,,,,,,,,,,0,,,,,,,,,,,,,,,,,,,,,
,,,,,,,,2258,,,1486,,,,,,,1094,,,,,,,,1677,,,,,,,,,2126,1703,,1477,,,,,,,,,2048,,,,,,,,,,,,,,,,,,,,,,,1327,,,,,,,,,,,,,,,,,,,,1833,,,,,2645,,,,,,,,,,,,,,,,,,,,,,,,,,,,,,,,,,,,,,,,,,,1021,,,,,,,1685,,,,,,,,,,,,,,,,,,,,,,0,,,,,,,,,,,,,,,,,,,,
,,,,,,,,,,,,,,,,,,,,,,774,,,,,,,,,,,,,,,,,,,,,,,,,,,,,,,,,,,,,,,,,,,,,,,,,,,,,,,,,,,,,,,,,,,,,,,,,,,,,,,,,,,,,,,,,,,,,,,,,,,,,,,823,,,,,,,,,,,,,,,,,,,,1063,,,,,,,,,,,,,,,,,,,,,,,0,,,,,,,,,,,,,,,,,,,
,,,2963,,2663,,,,,,,,,,,,,,,,,,,,,,,,,,,,,,,,,,,,,,,,,,,,,,,,,,,,,,,,,,,,,,,,,,,,,,,,,,,,,,,,,,,,,,,,,,,,,,,,,,,,,,,,,,,,,,,,,,,,,,,,,,,,,,,,,,,,,,,,,,,,1331,,,,,,,,,,,,,,,,,,,,,,,,0,,,,,,,,,,,,,,,,,,
,,,,,2357,,,,,,,,,,,,,,,,,,,,,,,,,,,,,,,,,,,,,,,,,,,,,,,,,,,,,,,,,,,,,,,,,,,,,,,,,,,,,,,,,,,,,,,,,,,,,,,,,,,,,,812,,,,,,,,,,,,,,,,,,,,,,,,,,,,,,,,,,,,,,,,,,,,,,,,,,,,,,,,,,,,,,,0,,,,,,,,,,,,,,,,,
,,,2630,,2270,,1634,1869,,,1095,,,,1116,,,,,,1600,,,,,1337,,,,,,,,947,1901,1330,,1141,,,,,,,,,1797,,,,,1051,1478,,,,,,,,,,3891,259,,,,,,,,,,,,,,,,,,,,,,,2740,,4027,1573,,,,,2264,,1534,,,,1519,,,,,,,,,742,,,,,,,,,,,,,,1982,,,,1235,,,,,,,,,,984,,,,,1338,1985,1389,,,,,,,,4089,,,,,,1736,,,,,,,,,,,,0,299,,,,,,1666,629,,787,,,,,,
,,,2331,,1974,,,,,,803,,,,841,,,,,,1361,,,,,1064,,,,,,,,,1826,1085,,,,,,,,,,,1590,,,,,,1259,,,,,,,,,,,379,,,,1484,,,,,,,,,,,,,,,,,,,,,,1363,,,,,,,,,1706,,,,,,,,,,,,,1751,,,,,,,,,,,,,,,,,,,,,,,,,,997,,,,,,1770,1153,,,,,,,,3789,,,,,,,,,,,,,,,,,,299,0,,,,,,1495,,,,,,,,,
,,,,,,,,,,,,,,,,,,,,,,,,,,,,,,,,,,,,,,,,,,,,,,,,,,,,,,,,,,,,,,,,,,,,,,,,,,,,,,,,,,,,,,,,,,,,,,,,,,,,,,,,,,,,,,,1310,,,,,,,,,,,,,,,,,,,,2167,,,,,,,,,,,,,,,,,,,,,,,,,,,,,,,,,,,,,,,,,,0,,,,,,,,,,,,,,
,,,,,,,,866,,,,,,,,,,,,,,,,,,,,,,,,,,,,,,,,,,,,,,,,,,,,,,,,,,,,,,,,,,,,,,1815,,,,,,,,,,,,,,,,,,,,,,,,,,,,,,,,,,,,,,,,,,,,,,,,,,,,,,,,,,,,,,,,,,,,,,,,,,,1755,,,,,,,,,,,,,,,,,,,,,,,,,,,,,0,,,,,,,,,,,,,
,,,,,,,,,,,,,,,,,,,,,,,,,,1168,,,,,,,,,,,,1081,,,,,,,,,1881,,,,,,,,,,,761,,,,,,,,,,,,892,,,,,,,,,,,,,,,,,,,,,,,,,,,1644,,,,816,,,,,,1078,,,1636,,,,,,,,,,,,,,,,,,,,,,,,,,,,1726,,,,,,,1414,,,,,,,,,,,,,,,,,,,,,,,,,,,,,,0,,,,,,1523,,,,,,
,1813,,,,,,,,,,971,,,,,,,,,,,,,,,900,,,,,,,,,,,,1065,,,,,,,,,,,,,,,,,,,,,,,,,,,,,,,,,,,,,,,,,,,,,,,,,,,,,,,,,,,,,,,,,,,,,,,,,,,,,,,,,,,,,,,,,,,,,,,,,,,,,,,,,,,1140,,,,,,,,,,,,,,,,,,,,,,,,,,,,,,,0,,,,,,,,,,,
,,,,,,,,,,,,,,,,,,,,,,,,,,,,,,,,,,,,,,1920,,,,,,,,,,,,,,,,,,,,,,,,,,,,,,,,,,,,,,,,,,,,,,,,,,,,,,,,,,,,,,,,,,,,,,,,,,,,,,,,,,,,,,,,,,,,,,,,,,,,,,,,,,,,,,,,,,,,,,,,,,,,,,,,,,,,,,,,,,,0,,,,,,,,,,
,,,,,,,,,,,,,,,,,,,,,,,,,,,,1472,,,1467,,,,3114,,,,,,,,,,,,277,,,,,,,,,,,,,,,,,,,,,,,,,,,,,,,,,,186,,,,,,,,,,,,,,,,,,,,,,,,,,,,,,,,,,,,,,,,,,,,,,,,,,,,,,,1745,,,,,,,,,521,,,,1225,,,,,,,,,,,,,,,,,,,,,,1666,1495,,,,,,0,,,,,,,,,
,,,2472,,2165,,,,,,1125,,,,1236,,,,,,,,,,1017,,,,,,,,,643,,1537,,793,,,,,,,,,1242,,1001,,,,,,,,,,,,,,,,,,,,,,,,,,,,726,,,,,,,,,,,,,,,,950,,2058,,,,,,,,,,,,,,,436,,,,,,,,,,,,,,,,,,,,,,,,,,,,,,,,,,,,,,,,,,,3849,,,,,,,,,,,,,,,,,,629,,,,,,,,0,,,,,,,,
,,,2192,,1887,,,1493,,,,,,,,,,,,,,,,,,,,,,,,,,,,,,,,,,,,,,,,,,,,,,,,,,,,,,,,,,,,,,,,,,,,,,,,,,,,,,,2198,,,,,,,,1779,,,,,,,,,,,,,,,,1955,,,,,,,,,,,,,1659,,,,,,,,,,,,,,,,,,,,,,,,,,,,,,,,,,,,,,,,,,,,,,,,,,,,,,,,0,,,,,,,
,,,2641,1916,2350,,,,,,1346,,,,,,,,,,,,,,,1132,,,,,,,,,,1765,,,,,,,,,,,,,970,,,,,,,,,,,,,,,,,,,,,,,,,,,,,,,,,,,,,,,,,,,,,,,,,,2431,,1658,,,,,,,,,,,,,,,,,,,,,,,2129,,,,1561,,,,,,,,,,,,,,,,,1004,,,,,,,,,,,,,,,,,,,,,,,,,,787,,,,1523,,,,,,0,,,,,,
,,,,,,,,,,,,,,,,,,,,,,,,,,,,,,,,,,,,,,,,,,,,,,,,,,,,,,,,,,,,,,,,,,,,,,,,,,,,,,,,,,,,,,,1449,,,,,,,,,,,,,,,,,,,,,,,,1508,,,,,,,,,,,,,,,,,,,,,,,,,,,,,,,,,,2557,,,,,,,,,,,,,,,,,,,,,,,,,,,,,,,,,,,,,0,,,,,
,,,,,,,,,,,,,,,,,,,,,,,,,,,,,,,,,,,,,,,,,,,,,,,,,,,,,,,,,,,,,,,,,,,,,,,,,,,,,,,,,,,,,,,,,,,,,,,,,,,,,,,,,,,,,,,834,,,,,,,,,,,,,,,,,,,,,,,,,,,,,,,,,,,,,,,,,,,,,,,,,,,,,,,,,,,,,,,,,,,,,,,,0,,,,
,,,,,,,218,,,,,,,,,,,,,,,,,,,,,,,,,,,,,,,,,,,,,,,,,,,,,,,,,,,,,,,,,,,,,,,,,,,,,,,,,,,,,,,,,,,,,,,,,,,,,,,,,,,,,,,,,,,,,,,,,,,,,,,,,,,,,,,,,,,,,,,,,,,,,,,,,,,,,,,,,,,,,,,,,,,,,,,,,,,,,,,,,0,,,
,,,,,,,,,,,,,,,,,,,,,,,,,,,,,,,,,,,,,,,,,,,,,,,,,,,,,,,,,,,,,,,,,,,,,,,,,,,,,,,,,,,,,,,,,,,,,,,,,955,,,,,,,,,,,,,,,,,,,,,,,,,,,,,,,,,,,,,,,,,,,,,,,,,,,,,,,,,,,,,,,,,,,,,,,,,,,,,,,,,,,,,,,,0,,
,,,,,,,,,,,,,,,,,,,,,1283,,,,,,,,,,,,,,,,,,,,,,,,,,,,,,,,,,,,,,,,,,,,,,,,,,,,,,,,,,,,,,,,,,,,,,,,,,,,,,,,,,,,,,,,,,,,,,,,,,,,,,,,,,,,,,,,,,,,,,,,,,,,1322,,,,,,,,,,,,,,,,,,,,,,,,,,,,,,,,,,,,,,,,,0,
,,,,,,,,,,,,,,,,,,,,,,,,,2364,,,,,,,,,,,,,,,,,,,,,,,,,,,,,,,,,,,,,,,,,,,,,,,,,,2573,,2914,,,,,,,,,,,,,,,,,,,,,,,,,,,,,,,,,,,,,,,,,,,,,,,,,,,,,,,,,,,,,,,,,,,,,,,,,,,,,,,,,,,,,,,,,,,,,,,,,,,,,,,,,,,,,,0
